WigleWifi-1.4,appRelease=2.26,model=SM-G386T1,release=4.4.2,device=afyonlteMetroPCS,display=KOT49H.G386T1UVU1ANH3,board=MSM8226,brand=samsung,,,
MAC,SSID,AuthMode,FirstSeen,Channel,RSSI,CurrentLatitude,CurrentLongitude,AltitudeMeters,AccuracyMeters,Type
24:c9:a1:35:b8:c8,Ariel_University,[ESS],11/9/2017 08:43,6,-59,32.10588208,35.20343111,656,8,WIFI
24:c9:a1:35:d0:88,Ariel_University,[ESS],11/9/2017 08:43,1,-73,32.10588208,35.20343111,656,8,WIFI
8c:0c:90:2f:35:08,Ariel_University,[ESS],11/9/2017 08:43,6,-79,32.10588208,35.20343111,656,8,WIFI
24:c9:a1:36:49:68,Ariel_University,[ESS],11/9/2017 08:43,1,-80,32.10588208,35.20343111,656,8,WIFI
24:c9:a1:35:ba:18,Ariel_University,[ESS],11/9/2017 08:43,11,-84,32.10588208,35.20343111,656,8,WIFI
e0:10:7f:1a:8c:98,Ariel_University,[ESS],11/9/2017 08:43,1,-83,32.10588208,35.20343111,656,8,WIFI
42507_10072_516798,HOT mobile,HSDPA;il,11/9/2017 08:43,0,-79,32.10588208,35.20343111,656,8,GSM
24:c9:a1:35:d0:88,Ariel_University,[ESS],11/9/2017 08:43,1,-66,32.10588208,35.20343111,656,8,WIFI
8c:0c:90:2c:e8:68,Ariel_University,[ESS],11/9/2017 08:43,11,-83,32.10588208,35.20343111,656,8,WIFI
24:c9:a1:33:31:18,Ariel_University,[ESS],11/9/2017 08:43,11,-91,32.10588208,35.20343111,656,8,WIFI
14:ae:db:55:15:c5,BEZEQINT-15C1,[WPA-PSK-CCMP+TKIP][WPA2-PSK-CCMP+TKIP][WPS][ESS],11/9/2017 08:43,11,-87,32.10587618,35.20345645,669,3,WIFI
8c:0c:90:2f:35:08,Ariel_University,[ESS],11/9/2017 08:43,6,-72,32.10587893,35.20345729,669,4,WIFI
8c:0c:90:2c:e8:68,Ariel_University,[ESS],11/9/2017 08:43,11,-74,32.10587893,35.20345729,669,4,WIFI
8c:0c:90:2d:79:88,Ariel_University,[ESS],11/9/2017 08:43,11,-83,32.10587893,35.20345729,669,4,WIFI
24:c9:a1:36:49:68,Ariel_University,[ESS],11/9/2017 08:43,1,-75,32.10587573,35.2034609,669,4,WIFI
8c:0c:90:2f:35:08,Ariel_University,[ESS],11/9/2017 08:43,6,-62,32.10587304,35.20347063,669,4,WIFI
24:c9:a1:33:31:18,Ariel_University,[ESS],11/9/2017 08:44,11,-80,32.10587547,35.20354564,673,4,WIFI
8c:0c:90:2f:35:08,Ariel_University,[ESS],11/9/2017 08:44,6,-53,32.10588262,35.20358859,674,4,WIFI
8c:0c:90:2c:e8:68,Ariel_University,[ESS],11/9/2017 08:44,11,-68,32.10588262,35.20358859,674,4,WIFI
24:c9:a1:36:49:68,Ariel_University,[ESS],11/9/2017 08:44,1,-67,32.10588098,35.20365012,675,3,WIFI
8c:0c:90:2c:e8:68,Ariel_University,[ESS],11/9/2017 08:44,11,-62,32.10588585,35.20368211,677,4,WIFI
8c:0c:90:2c:e8:68,Ariel_University,[ESS],11/9/2017 08:44,11,-57,32.10586507,35.20369359,677,3,WIFI
24:c9:a1:33:31:18,Ariel_University,[ESS],11/9/2017 08:44,11,-73,32.10586507,35.20369359,677,3,WIFI
24:c9:a1:35:ba:18,Ariel_University,[ESS],11/9/2017 08:44,11,-78,32.10586507,35.20369359,677,3,WIFI
42507_10072_516798,HOT mobile,HSDPA;il,11/9/2017 08:44,0,-73,32.10586507,35.20369359,677,3,GSM
8c:0c:90:2c:e8:68,Ariel_University,[ESS],11/9/2017 08:44,11,-48,32.10584083,35.20370181,678,3,WIFI
8c:0c:90:2d:79:88,Ariel_University,[ESS],11/9/2017 08:44,11,-76,32.10584083,35.20370181,678,3,WIFI
24:c9:a1:33:31:18,Ariel_University,[ESS],11/9/2017 08:44,11,-65,32.10584083,35.20370181,678,3,WIFI
8c:0c:90:2d:79:88,Ariel_University,[ESS],11/9/2017 08:44,11,-68,32.10580853,35.20372436,677,3,WIFI
24:c9:a1:55:42:c3,island-1542C0,[WPA2-PSK-CCMP][ESS],11/9/2017 08:44,11,-84,32.10578066,35.20373922,678,3,WIFI
8c:0c:90:2f:33:88,Ariel_University,[ESS],11/9/2017 08:44,1,-82,32.10578066,35.20373922,678,3,WIFI
8c:0c:90:2d:79:68,Ariel_University,[ESS],11/9/2017 08:44,11,-84,32.10576963,35.20378931,677,3,WIFI
24:c9:a1:33:31:18,Ariel_University,[ESS],11/9/2017 08:44,11,-56,32.10575987,35.20382395,677,3,WIFI
24:c9:a1:55:42:c3,island-1542C0,[WPA2-PSK-CCMP][ESS],11/9/2017 08:44,11,-77,32.10575987,35.20382395,677,3,WIFI
24:c9:a1:36:5a:28,Ariel_University,[ESS],11/9/2017 08:44,1,-71,32.10575987,35.20382395,677,3,WIFI
24:c9:a1:55:42:c3,island-1542C0,[WPA2-PSK-CCMP][ESS],11/9/2017 08:44,11,-71,32.10575369,35.20383044,678,3,WIFI
8c:0c:90:2d:79:88,Ariel_University,[ESS],11/9/2017 08:44,11,-57,32.10571177,35.20384168,675,3,WIFI
24:c9:a1:55:42:c3,island-1542C0,[WPA2-PSK-CCMP][ESS],11/9/2017 08:44,11,-66,32.10571177,35.20384168,675,3,WIFI
8c:0c:90:2f:33:88,Ariel_University,[ESS],11/9/2017 08:44,1,-77,32.10571177,35.20384168,675,3,WIFI
8c:0c:90:2d:79:f8,Ariel_University,[ESS],11/9/2017 08:44,1,-79,32.10571177,35.20384168,675,3,WIFI
8c:0c:90:2d:79:88,Ariel_University,[ESS],11/9/2017 08:44,11,-49,32.10567599,35.20385426,674,3,WIFI
a0:8c:fd:0a:52:06,DIRECT-F0-HP DeskJet 3630 series,[WPA2-PSK-CCMP][ESS],11/9/2017 08:44,6,-74,32.10567599,35.20385426,674,3,WIFI
8c:0c:90:2d:79:88,Ariel_University,[ESS],11/9/2017 08:44,11,-44,32.10566151,35.20385722,676,3,WIFI
24:c9:a1:35:ba:18,Ariel_University,[ESS],11/9/2017 08:44,11,-71,32.10566151,35.20385722,676,3,WIFI
24:c9:a1:35:ae:88,Ariel_University,[ESS],11/9/2017 08:44,1,-69,32.10566151,35.20385722,676,3,WIFI
a0:8c:fd:0a:52:06,DIRECT-F0-HP DeskJet 3630 series,[WPA2-PSK-CCMP][ESS],11/9/2017 08:44,6,-65,32.10565262,35.2038751,677,3,WIFI
8c:0c:90:2f:33:88,Ariel_University,[ESS],11/9/2017 08:44,1,-67,32.1056517,35.20394256,674,5,WIFI
a0:8c:fd:0a:52:06,DIRECT-F0-HP DeskJet 3630 series,[WPA2-PSK-CCMP][ESS],11/9/2017 08:44,6,-50,32.1056517,35.20394256,674,5,WIFI
24:c9:a1:33:34:58,Ariel_University,[ESS],11/9/2017 08:44,6,-80,32.1056517,35.20394256,674,5,WIFI
8c:0c:90:2d:79:68,Ariel_University,[ESS],11/9/2017 08:44,11,-76,32.10565301,35.20394477,674,5,WIFI
24:c9:a1:33:34:58,Ariel_University,[ESS],11/9/2017 08:44,6,-72,32.10565116,35.20395596,673,5,WIFI
8c:0c:90:2f:cc:98,Ariel_University,[ESS],11/9/2017 08:44,1,-80,32.10566227,35.20398867,672,4,WIFI
24:c9:a1:95:42:c3,,[WPA2-PSK-CCMP][ESS],11/9/2017 08:44,11,-73,32.10563197,35.2040747,673,4,WIFI
00:14:78:ed:c0:ce,erez1,[WEP][ESS],11/9/2017 08:44,1,-82,32.10563197,35.2040747,673,4,WIFI
8c:0c:90:2e:ed:a8,Ariel_University,[ESS],11/9/2017 08:44,6,-80,32.10563197,35.2040747,673,4,WIFI
24:c9:a1:36:5a:28,Ariel_University,[ESS],11/9/2017 08:44,1,-64,32.10561961,35.20411622,674,4,WIFI
24:c9:a1:35:b7:e8,Ariel_University,[ESS],11/9/2017 08:44,11,-73,32.10561961,35.20411622,674,4,WIFI
ec:8c:a2:26:d2:98,Ariel_University,[ESS],11/9/2017 08:44,11,-74,32.1056128,35.20415229,674,3,WIFI
8c:0c:90:2e:ed:e8,Ariel_University,[ESS],11/9/2017 08:44,11,-76,32.1056128,35.20415229,674,3,WIFI
8c:0c:90:2f:cc:98,Ariel_University,[ESS],11/9/2017 08:44,1,-74,32.10560547,35.2041804,673,4,WIFI
24:c9:a1:35:b7:e8,Ariel_University,[ESS],11/9/2017 08:44,11,-66,32.10560547,35.2041804,673,4,WIFI
14:ae:db:a2:a4:3d,Kar_lol,[WPA-PSK-CCMP+TKIP][WPA2-PSK-CCMP+TKIP][WPS][ESS],11/9/2017 08:44,11,-76,32.10560547,35.2041804,673,4,WIFI
00:14:78:ed:c0:ce,erez1,[WEP][ESS],11/9/2017 08:44,1,-75,32.10560138,35.20422908,673,3,WIFI
24:c9:a1:33:34:58,Ariel_University,[ESS],11/9/2017 08:44,6,-65,32.10560175,35.20426318,673,3,WIFI
00:14:78:ed:c0:ce,erez1,[WEP][ESS],11/9/2017 08:45,1,-69,32.1056155,35.20433674,675,4,WIFI
14:ae:db:a2:a4:3d,Kar_lol,[WPA-PSK-CCMP+TKIP][WPA2-PSK-CCMP+TKIP][WPS][ESS],11/9/2017 08:45,11,-68,32.1056155,35.20433674,675,4,WIFI
8c:0c:90:2e:15:88,Ariel_University,[ESS],11/9/2017 08:45,1,-79,32.1056155,35.20433674,675,4,WIFI
8c:0c:90:2e:ed:a8,Ariel_University,[ESS],11/9/2017 08:45,6,-73,32.10560992,35.20435537,675,4,WIFI
24:c9:a1:35:ba:78,Ariel_University,[ESS],11/9/2017 08:45,1,-77,32.10561644,35.20440823,675,5,WIFI
8c:0c:90:2f:ce:08,Ariel_University,[ESS],11/9/2017 08:45,6,-85,32.10561644,35.20440823,675,5,WIFI
00:14:78:ed:c0:ce,erez1,[WEP][ESS],11/9/2017 08:45,1,-60,32.10561978,35.20446756,676,3,WIFI
14:ae:db:a2:a4:3d,Kar_lol,[WPA-PSK-CCMP+TKIP][WPA2-PSK-CCMP+TKIP][WPS][ESS],11/9/2017 08:45,11,-61,32.10562532,35.2044944,674,3,WIFI
8c:0c:90:2e:15:88,Ariel_University,[ESS],11/9/2017 08:45,1,-71,32.10562532,35.2044944,674,3,WIFI
8c:0c:90:2f:ce:08,Ariel_University,[ESS],11/9/2017 08:45,6,-74,32.10562091,35.20451666,674,3,WIFI
c4:e9:84:d0:40:61,kar140_5GHz_100M,[WPA2-PSK-CCMP][WPS][ESS],11/9/2017 08:45,40,-71,32.10562091,35.20451666,674,3,WIFI
c4:e9:84:d0:40:61,kar140_5GHz_100M,[WPA2-PSK-CCMP][WPS][ESS],11/9/2017 08:45,40,-62,32.10562204,35.20454695,674,4,WIFI
8c:0c:90:2e:e8:08,Ariel_University,[ESS],11/9/2017 08:45,11,-83,32.10562204,35.20454695,674,4,WIFI
8c:0c:90:2e:ed:a8,Ariel_University,[ESS],11/9/2017 08:45,6,-61,32.1056307,35.20457171,674,4,WIFI
8c:0c:90:2e:15:88,Ariel_University,[ESS],11/9/2017 08:45,1,-62,32.1056307,35.20457171,674,4,WIFI
8c:0c:90:2f:ce:08,Ariel_University,[ESS],11/9/2017 08:45,6,-69,32.1056307,35.20457171,674,4,WIFI
c4:e9:84:d0:40:5f,kar140_2.4GHz_100M,[WPA2-PSK-CCMP][WPS][ESS],11/9/2017 08:45,1,-75,32.1056426,35.20463408,672,4,WIFI
02:02:ae:de:32:ee,RelTele,[WEP][IBSS],11/9/2017 08:45,1,-79,32.1056426,35.20463408,672,4,WIFI
8c:0c:90:2e:15:88,Ariel_University,[ESS],11/9/2017 08:45,1,-57,32.10563803,35.20466441,672,4,WIFI
8c:0c:90:2e:e8:08,Ariel_University,[ESS],11/9/2017 08:45,11,-77,32.10563803,35.20466441,672,4,WIFI
e0:10:7f:1a:bd:98,Ariel_University,[ESS],11/9/2017 08:45,6,-78,32.10563803,35.20466441,672,4,WIFI
2c:5d:93:3e:f5:38,Ariel_University,[ESS],11/9/2017 08:45,6,-81,32.10563803,35.20466441,672,4,WIFI
42507_10072_516798,HOT mobile,HSDPA;il,11/9/2017 08:45,0,-69,32.10563798,35.20471503,672,3,GSM
24:c9:a1:36:4d:c8,Ariel_University,[ESS],11/9/2017 08:45,11,-79,32.10563309,35.20473734,672,4,WIFI
8c:0c:90:2e:e8:08,Ariel_University,[ESS],11/9/2017 08:45,11,-72,32.10563161,35.20474993,672,4,WIFI
24:c9:a1:36:4d:c8,Ariel_University,[ESS],11/9/2017 08:45,11,-72,32.10563161,35.20474993,672,4,WIFI
24:c9:a1:35:ba:28,Ariel_University,[ESS],11/9/2017 08:45,11,-71,32.10563161,35.20474993,672,4,WIFI
24:c9:a1:35:ba:78,Ariel_University,[ESS],11/9/2017 08:45,1,-70,32.10562108,35.2047746,672,3,WIFI
84:18:3a:04:40:98,Ariel_University,[ESS],11/9/2017 08:45,11,-78,32.10562108,35.2047746,672,3,WIFI
2c:5d:93:3e:f5:38,Ariel_University,[ESS],11/9/2017 08:45,6,-76,32.10562084,35.20484574,673,3,WIFI
8c:0c:90:2e:e8:28,Ariel_University,[ESS],11/9/2017 08:45,1,-79,32.10562084,35.20484574,673,3,WIFI
e0:10:7f:1a:95:c8,Ariel_University,[ESS],11/9/2017 08:45,11,-81,32.10562084,35.20484574,673,3,WIFI
2c:5d:93:3e:f5:38,Ariel_University,[ESS],11/9/2017 08:45,6,-68,32.10561662,35.20487299,673,3,WIFI
24:c9:a1:36:52:d8,Ariel_University,[ESS],11/9/2017 08:45,6,-81,32.10561019,35.20492383,672,3,WIFI
8c:0c:90:2e:e8:28,Ariel_University,[ESS],11/9/2017 08:45,1,-74,32.10560958,35.20495274,672,3,WIFI
24:c9:a1:36:52:d8,Ariel_University,[ESS],11/9/2017 08:45,6,-73,32.10560493,35.20500185,671,4,WIFI
8c:0c:90:2d:7a:58,Ariel_University,[ESS],11/9/2017 08:45,6,-83,32.10560493,35.20500185,671,4,WIFI
8c:0c:90:2d:7a:58,Ariel_University,[ESS],11/9/2017 08:45,6,-78,32.10559966,35.20507174,672,3,WIFI
e0:10:7f:1a:99:f8,Ariel_University,[ESS],11/9/2017 08:45,6,-77,32.10559966,35.20507174,672,3,WIFI
8c:0c:90:2f:cc:08,Ariel_University,[ESS],11/9/2017 08:45,1,-80,32.10559966,35.20507174,672,3,WIFI
8c:0c:90:2f:35:38,Ariel_University,[ESS],11/9/2017 08:45,6,-78,32.10560164,35.20509954,671,3,WIFI
24:c9:a1:36:51:88,Ariel_University,[ESS],11/9/2017 08:45,1,-80,32.10560164,35.20509954,671,3,WIFI
8c:0c:90:2e:17:b8,Ariel_University,[ESS],11/9/2017 08:45,6,-80,32.10559756,35.20516536,670,3,WIFI
8c:0c:90:2e:e8:28,Ariel_University,[ESS],11/9/2017 08:45,1,-69,32.10559896,35.20522593,670,4,WIFI
ec:8c:a2:26:d2:98,Ariel_University,[ESS],11/9/2017 08:45,11,-80,32.10559896,35.20522593,670,4,WIFI
8c:0c:90:2f:ca:58,Ariel_University,[ESS],11/9/2017 08:46,3,-76,32.1055904,35.20529511,670,4,WIFI
24:c9:a1:15:7c:18,Ariel_University,[ESS],11/9/2017 08:46,3,-79,32.1055904,35.20529511,670,4,WIFI
8c:0c:90:2f:36:48,Ariel_University,[ESS],11/9/2017 08:46,3,-79,32.1055904,35.20529511,670,4,WIFI
e0:10:7f:1a:99:f8,Ariel_University,[ESS],11/9/2017 08:46,6,-69,32.10556496,35.20532431,670,4,WIFI
e0:10:7f:1a:99:f8,Ariel_University,[ESS],11/9/2017 08:46,6,-64,32.1055539,35.20537226,670,4,WIFI
8c:0c:90:af:ca:53,,[WPA2-PSK-CCMP][ESS],11/9/2017 08:46,3,-73,32.1055539,35.20537226,670,4,WIFI
8c:0c:90:2d:79:78,Ariel_University,[ESS],11/9/2017 08:46,1,-80,32.1055539,35.20537226,670,4,WIFI
24:c9:a1:36:52:d8,Ariel_University,[ESS],11/9/2017 08:46,6,-63,32.1055461,35.20540234,669,4,WIFI
e0:10:7f:1a:99:f8,Ariel_University,[ESS],11/9/2017 08:46,6,-56,32.1055461,35.20540234,669,4,WIFI
1c:b9:c4:16:06:ec,Ariel_University,[ESS],11/9/2017 08:46,44,-73,32.1055461,35.20540234,669,4,WIFI
8c:0c:90:2e:0e:88,Ariel_University,[ESS],11/9/2017 08:46,6,-76,32.10556705,35.20547517,671,3,WIFI
e0:10:7f:1a:b2:58,Ariel_University,[ESS],11/9/2017 08:46,11,-78,32.10556705,35.20547517,671,3,WIFI
e0:10:7f:1e:55:48,Ariel_University,[ESS],11/9/2017 08:46,1,-83,32.10557832,35.20551144,671,4,WIFI
42507_10072_470803,HOT mobile,HSDPA;il,11/9/2017 08:46,0,-89,32.10557216,35.20560016,671,4,GSM
8c:0c:90:2d:79:78,Ariel_University,[ESS],11/9/2017 08:46,1,-74,32.10556488,35.20565961,671,4,WIFI
c4:12:f5:80:d4:b9,dudu,[WPA2-PSK-CCMP][ESS],11/9/2017 08:46,7,-84,32.10556488,35.20565961,671,4,WIFI
8c:0c:90:2d:7a:58,Ariel_University,[ESS],11/9/2017 08:46,6,-73,32.10556488,35.20565961,671,4,WIFI
f0:b0:52:3e:d9:b8,Ariel_University,[ESS],11/9/2017 08:46,1,-80,32.10556488,35.20565961,671,4,WIFI
f0:3e:90:04:df:c8,Ariel_University,[ESS],11/9/2017 08:46,6,-85,32.10556488,35.20565961,671,4,WIFI
f0:3e:90:04:df:c8,Ariel_University,[ESS],11/9/2017 08:46,6,-77,32.1055623,35.2057021,671,4,WIFI
98:e7:f4:7b:0c:19,DIRECT-AC-HP OfficeJet 3830,[WPA2-PSK-CCMP][WPS][ESS],11/9/2017 08:46,7,-82,32.1055623,35.2057021,671,4,WIFI
f0:b0:52:3e:d9:bc,Ariel_University,[ESS],11/9/2017 08:46,36,-73,32.1055623,35.2057021,671,4,WIFI
24:c9:a1:36:2a:68,Ariel_University,[ESS],11/9/2017 08:46,11,-72,32.1055623,35.2057021,671,4,WIFI
ec:8c:a2:08:a4:38,Ariel_University,[ESS],11/9/2017 08:46,11,-84,32.1055623,35.2057021,671,4,WIFI
ec:8c:a2:08:a4:3c,Ariel_University,[ESS],11/9/2017 08:46,40,-73,32.10557447,35.2057549,672,4,WIFI
8c:0c:90:2e:0e:58,Ariel_University,[ESS],11/9/2017 08:46,11,-80,32.10557447,35.2057549,672,4,WIFI
8c:0c:90:2f:2c:08,Ariel_University,[ESS],11/9/2017 08:46,6,-81,32.10557447,35.2057549,672,4,WIFI
24:c9:a1:36:4d:c8,Ariel_University,[ESS],11/9/2017 08:46,11,-86,32.10557447,35.2057549,672,4,WIFI
e0:10:7f:1e:55:48,Ariel_University,[ESS],11/9/2017 08:46,1,-73,32.10556466,35.20578979,671,4,WIFI
ec:8c:a2:26:d2:98,Ariel_University,[ESS],11/9/2017 08:46,11,-75,32.10556466,35.20578979,671,4,WIFI
24:c9:a1:36:20:88,Ariel_University,[ESS],11/9/2017 08:46,1,-80,32.10556466,35.20578979,671,4,WIFI
f0:3e:90:04:f9:78,Ariel_University,[ESS],11/9/2017 08:46,1,-81,32.10556466,35.20578979,671,4,WIFI
8c:0c:90:2e:0e:88,Ariel_University,[ESS],11/9/2017 08:46,6,-71,32.10554886,35.20580119,671,3,WIFI
8c:0c:90:2e:0e:58,Ariel_University,[ESS],11/9/2017 08:46,11,-72,32.10554886,35.20580119,671,3,WIFI
f0:3e:90:04:f9:78,Ariel_University,[ESS],11/9/2017 08:46,1,-76,32.10554886,35.20580119,671,3,WIFI
f0:3e:90:04:df:cc,Ariel_University,[ESS],11/9/2017 08:46,36,-70,32.10554886,35.20580119,671,3,WIFI
f0:3e:90:04:f9:7c,Ariel_University,[ESS],11/9/2017 08:46,36,-72,32.10554886,35.20580119,671,3,WIFI
8c:0c:90:2e:0e:58,Ariel_University,[ESS],11/9/2017 08:46,11,-67,32.10553873,35.20590323,670,3,WIFI
44:44:44:44:44:44,RelTele,[WEP][IBSS],11/9/2017 08:46,1,-79,32.10553873,35.20590323,670,3,WIFI
f0:3e:90:04:f5:2c,Ariel_University,[ESS],11/9/2017 08:46,36,-72,32.10554189,35.20594075,670,3,WIFI
f0:3e:90:05:03:68,Ariel_University,[ESS],11/9/2017 08:46,6,-80,32.10554189,35.20594075,670,3,WIFI
e0:10:7f:1e:55:48,Ariel_University,[ESS],11/9/2017 08:46,1,-66,32.10553746,35.20597675,670,3,WIFI
f0:b0:52:3e:c8:0c,Ariel_University,[ESS],11/9/2017 08:46,44,-75,32.10553746,35.20597675,670,3,WIFI
24:c9:a1:36:20:88,Ariel_University,[ESS],11/9/2017 08:46,1,-74,32.10553746,35.20597675,670,3,WIFI
f0:3e:90:04:d2:a8,Ariel_University,[ESS],11/9/2017 08:46,6,-77,32.10553746,35.20597675,670,3,WIFI
f0:b0:52:3e:c8:0c,Ariel_University,[ESS],11/9/2017 08:46,44,-69,32.10553255,35.20601362,671,3,WIFI
1c:b9:c4:08:6f:7c,Ariel_University,[ESS],11/9/2017 08:46,36,-72,32.10553255,35.20601362,671,3,WIFI
1c:b9:c4:08:6f:78,Ariel_University,[ESS],11/9/2017 08:46,1,-78,32.10553255,35.20601362,671,3,WIFI
f0:b0:52:3e:c8:08,Ariel_University,[ESS],11/9/2017 08:46,1,-81,32.10553255,35.20601362,671,3,WIFI
e0:10:7f:1e:55:48,Ariel_University,[ESS],11/9/2017 08:46,1,-58,32.1055118,35.20606214,670,3,WIFI
f0:b0:52:3e:ca:3c,Ariel_University,[ESS],11/9/2017 08:46,48,-68,32.1055118,35.20606214,670,3,WIFI
f0:b0:52:3e:ca:38,Ariel_University,[ESS],11/9/2017 08:46,11,-80,32.10549009,35.20610553,671,3,WIFI
ec:8c:a2:08:a4:38,Ariel_University,[ESS],11/9/2017 08:46,11,-75,32.10545892,35.20614604,672,4,WIFI
f0:b0:52:be:d9:b7,,[WPA2-PSK-CCMP][ESS],11/9/2017 08:46,36,-65,32.10545892,35.20614604,672,4,WIFI
14:ae:db:52:51:55,abadi1,[WPA2-PSK-CCMP][ESS],11/9/2017 08:46,6,-76,32.10545892,35.20614604,672,4,WIFI
06:ae:db:52:51:55,BezeqFree,[WPA2-PSK-CCMP][ESS],11/9/2017 08:46,6,-77,32.10545892,35.20614604,672,4,WIFI
f0:b0:52:3e:d9:bc,Ariel_University,[ESS],11/9/2017 08:46,36,-65,32.10545892,35.20614604,672,4,WIFI
f0:b0:52:3e:d9:b8,Ariel_University,[ESS],11/9/2017 08:46,1,-71,32.10545892,35.20614604,672,4,WIFI
f0:b0:52:3e:c8:0c,Ariel_University,[ESS],11/9/2017 08:47,44,-60,32.10542923,35.20620214,671,3,WIFI
f0:b0:52:3e:ca:3c,Ariel_University,[ESS],11/9/2017 08:47,48,-61,32.10542923,35.20620214,671,3,WIFI
f0:b0:52:3e:ca:38,Ariel_University,[ESS],11/9/2017 08:47,11,-68,32.10542923,35.20620214,671,3,WIFI
f0:b0:52:3e:d9:b8,Ariel_University,[ESS],11/9/2017 08:47,1,-64,32.10542923,35.20620214,671,3,WIFI
f0:b0:52:be:c8:07,,[WPA2-PSK-CCMP][ESS],11/9/2017 08:47,44,-61,32.10542923,35.20620214,671,3,WIFI
f0:b0:52:be:ca:37,,[WPA2-PSK-CCMP][ESS],11/9/2017 08:47,48,-62,32.10542923,35.20620214,671,3,WIFI
ec:8c:a2:88:a4:37,,[WPA2-PSK-CCMP][ESS],11/9/2017 08:47,40,-68,32.10542923,35.20620214,671,3,WIFI
f0:b0:52:be:ca:d7,,[WPA2-PSK-CCMP][ESS],11/9/2017 08:47,36,-69,32.10542923,35.20620214,671,3,WIFI
74:23:44:91:5c:c9,nano crow 2,[WPA-PSK-CCMP+TKIP][ESS],11/9/2017 08:47,6,-80,32.10542923,35.20620214,671,3,WIFI
f0:b0:52:3e:c8:1c,Ariel_University,[ESS],11/9/2017 08:47,48,-67,32.10542923,35.20620214,671,3,WIFI
ec:8c:a2:08:a4:3c,Ariel_University,[ESS],11/9/2017 08:47,40,-68,32.10542923,35.20620214,671,3,WIFI
f0:b0:52:3e:ca:dc,Ariel_University,[ESS],11/9/2017 08:47,36,-69,32.10542923,35.20620214,671,3,WIFI
ec:8c:a2:08:a2:4c,Ariel_University,[ESS],11/9/2017 08:47,36,-75,32.10542923,35.20620214,671,3,WIFI
f0:b0:52:3e:ca:d8,Ariel_University,[ESS],11/9/2017 08:47,1,-81,32.10542923,35.20620214,671,3,WIFI
f0:b0:52:3e:c8:18,Ariel_University,[ESS],11/9/2017 08:47,11,-83,32.10542923,35.20620214,671,3,WIFI
f0:b0:52:3e:c8:08,Ariel_University,[ESS],11/9/2017 08:47,1,-71,32.10541077,35.20621962,670,3,WIFI
74:23:44:91:5c:c9,nano crow 2,[WPA-PSK-CCMP+TKIP][ESS],11/9/2017 08:47,6,-73,32.10541077,35.20621962,670,3,WIFI
ec:8c:a2:08:a4:3c,Ariel_University,[ESS],11/9/2017 08:47,40,-61,32.10541077,35.20621962,670,3,WIFI
c4:e9:84:d0:40:61,kar140_5GHz_100M,[WPA2-PSK-CCMP][WPS][ESS],11/9/2017 08:47,40,-75,32.10541077,35.20621962,670,3,WIFI
ec:8c:a2:08:a4:38,Ariel_University,[ESS],11/9/2017 08:47,11,-66,32.10537706,35.20624006,670,3,WIFI
f0:b0:52:3e:ca:dc,Ariel_University,[ESS],11/9/2017 08:47,36,-64,32.10537706,35.20624006,670,3,WIFI
f0:b0:52:3e:ca:d8,Ariel_University,[ESS],11/9/2017 08:47,1,-74,32.10537706,35.20624006,670,3,WIFI
f0:b0:52:3e:d9:bc,Ariel_University,[ESS],11/9/2017 08:47,36,-58,32.10534124,35.20626231,670,3,WIFI
f0:b0:52:be:ca:37,,[WPA2-PSK-CCMP][ESS],11/9/2017 08:47,48,-57,32.10534124,35.20626231,670,3,WIFI
f0:b0:52:be:ca:d7,,[WPA2-PSK-CCMP][ESS],11/9/2017 08:47,36,-60,32.10531819,35.20628232,670,3,WIFI
ec:8c:a2:08:a4:3c,Ariel_University,[ESS],11/9/2017 08:47,40,-51,32.10531819,35.20628232,670,3,WIFI
ec:8c:a2:88:a2:47,,[WPA2-PSK-CCMP][ESS],11/9/2017 08:47,36,-70,32.10531819,35.20628232,670,3,WIFI
ec:8c:a2:08:a2:4c,Ariel_University,[ESS],11/9/2017 08:47,36,-67,32.10529018,35.20629561,669,4,WIFI
24:c9:a1:36:2a:68,Ariel_University,[ESS],11/9/2017 08:47,11,-66,32.10529018,35.20629561,669,4,WIFI
24:c9:a1:36:50:98,Ariel_University,[ESS],11/9/2017 08:47,1,-76,32.10529018,35.20629561,669,4,WIFI
8c:0c:90:30:05:18,Ariel_University,[ESS],11/9/2017 08:47,6,-84,32.10529018,35.20629561,669,4,WIFI
f0:b0:52:be:d1:37,,[WPA2-PSK-CCMP][ESS],11/9/2017 08:47,44,-72,32.10515523,35.20635895,670,4,WIFI
ec:8c:a2:08:95:8c,Ariel_University,[ESS],11/9/2017 08:47,36,-70,32.10515523,35.20635895,670,4,WIFI
ec:8c:a2:08:aa:dc,Ariel_University,[ESS],11/9/2017 08:47,36,-71,32.10515523,35.20635895,670,4,WIFI
ec:8c:a2:26:d2:98,Ariel_University,[ESS],11/9/2017 08:47,11,-67,32.10515523,35.20635895,670,4,WIFI
f0:b0:52:3e:d1:3c,Ariel_University,[ESS],11/9/2017 08:47,44,-72,32.10515523,35.20635895,670,4,WIFI
1c:b9:c4:16:cc:ac,Ariel_University,[ESS],11/9/2017 08:47,44,-74,32.10515523,35.20635895,670,4,WIFI
ec:8c:a2:08:a2:48,Ariel_University,[ESS],11/9/2017 08:47,6,-80,32.10515523,35.20635895,670,4,WIFI
f0:b0:52:3e:d1:38,Ariel_University,[ESS],11/9/2017 08:47,6,-82,32.10515523,35.20635895,670,4,WIFI
ec:8c:a2:08:95:88,Ariel_University,[ESS],11/9/2017 08:47,1,-83,32.10515523,35.20635895,670,4,WIFI
42507_10072_480148,HOT mobile,HSDPA;il,11/9/2017 08:47,0,-81,32.10515523,35.20635895,670,4,GSM
ec:8c:a2:08:95:8c,Ariel_University,[ESS],11/9/2017 08:47,36,-65,32.10511944,35.20638663,668,4,WIFI
f0:b0:52:3e:c8:dc,Ariel_University,[ESS],11/9/2017 08:47,44,-72,32.10511944,35.20638663,668,4,WIFI
ec:8c:a2:08:ae:38,Ariel_University,[ESS],11/9/2017 08:47,6,-81,32.10511944,35.20638663,668,4,WIFI
ec:8c:a2:08:aa:d8,Ariel_University,[ESS],11/9/2017 08:47,6,-85,32.10511944,35.20638663,668,4,WIFI
f0:b0:52:3e:cc:18,Ariel_University,[ESS],11/9/2017 08:47,11,-76,32.10511944,35.20638663,668,4,WIFI
24:c9:a1:36:52:d8,Ariel_University,[ESS],11/9/2017 08:47,6,-81,32.10508883,35.20642272,667,5,WIFI
ec:8c:a2:26:d2:98,Ariel_University,[ESS],11/9/2017 08:47,11,-61,32.10508883,35.20642272,667,5,WIFI
f0:b0:52:3e:d1:3c,Ariel_University,[ESS],11/9/2017 08:47,44,-65,32.10508883,35.20642272,667,5,WIFI
f0:b0:52:3e:d1:38,Ariel_University,[ESS],11/9/2017 08:47,6,-74,32.10508883,35.20642272,667,5,WIFI
ec:8c:a2:08:ae:3c,Ariel_University,[ESS],11/9/2017 08:47,36,-57,32.10508883,35.20642272,667,5,WIFI
f0:b0:52:3e:cc:1c,Ariel_University,[ESS],11/9/2017 08:47,36,-57,32.10508883,35.20642272,667,5,WIFI
1c:b9:c4:15:33:dc,Ariel_University,[ESS],11/9/2017 08:47,36,-71,32.10508883,35.20642272,667,5,WIFI
1c:b9:c4:15:33:d8,Ariel_University,[ESS],11/9/2017 08:47,1,-77,32.10508883,35.20642272,667,5,WIFI
ec:8c:a2:08:ae:38,Ariel_University,[ESS],11/9/2017 08:47,6,-68,32.10505813,35.20643075,667,5,WIFI
1c:b9:c4:15:33:dc,Ariel_University,[ESS],11/9/2017 08:47,36,-64,32.10503148,35.2064235,669,6,WIFI
1c:b9:c4:15:33:d8,Ariel_University,[ESS],11/9/2017 08:47,1,-71,32.10503148,35.2064235,669,6,WIFI
f0:b0:52:3e:c7:b8,Ariel_University,[ESS],11/9/2017 08:47,1,-80,32.10503148,35.2064235,669,6,WIFI
42507_10072_470809,HOT mobile,HSDPA;il,11/9/2017 08:47,0,-91,32.10503148,35.2064235,669,6,GSM
f0:b0:52:be:d1:37,,[WPA2-PSK-CCMP][ESS],11/9/2017 08:47,44,-64,32.10498582,35.20643371,669,7,WIFI
ec:8c:a2:08:aa:d8,Ariel_University,[ESS],11/9/2017 08:47,6,-79,32.10498582,35.20643371,669,7,WIFI
f0:b0:52:3e:c7:bc,Ariel_University,[ESS],11/9/2017 08:47,44,-69,32.10498582,35.20643371,669,7,WIFI
f0:b0:52:be:cc:17,,[WPA2-PSK-CCMP][ESS],11/9/2017 08:47,36,-62,32.10494956,35.2064693,669,5,WIFI
f0:b0:52:be:c7:b7,,[WPA2-PSK-CCMP][ESS],11/9/2017 08:47,44,-70,32.10494956,35.2064693,669,5,WIFI
f0:b0:52:3e:c8:d8,Ariel_University,[ESS],11/9/2017 08:47,11,-79,32.10494956,35.2064693,669,5,WIFI
1c:b9:c4:96:cc:a7,,[WPA2-PSK-CCMP][ESS],11/9/2017 08:47,44,-70,32.10492523,35.20650423,669,5,WIFI
ec:8c:a2:08:99:bc,Ariel_University,[ESS],11/9/2017 08:47,36,-62,32.10491872,35.20652196,668,5,WIFI
ec:8c:a2:08:99:b8,Ariel_University,[ESS],11/9/2017 08:47,11,-80,32.10491872,35.20652196,668,5,WIFI
ec:8c:a2:08:95:88,Ariel_University,[ESS],11/9/2017 08:47,1,-71,32.10489862,35.20655493,668,5,WIFI
1c:b9:c4:15:33:dc,Ariel_University,[ESS],11/9/2017 08:47,36,-58,32.10489862,35.20655493,668,5,WIFI
1c:b9:c4:95:33:d7,,[WPA2-PSK-CCMP][ESS],11/9/2017 08:47,36,-57,32.10489862,35.20655493,668,5,WIFI
ec:8c:a2:88:ae:37,,[WPA2-PSK-CCMP][ESS],11/9/2017 08:47,36,-61,32.10489862,35.20655493,668,5,WIFI
10:be:f5:3a:25:16,ariel_cyber,[WPA2-PSK-CCMP][ESS],11/9/2017 08:47,7,-82,32.10489862,35.20655493,668,5,WIFI
42507_10072_480144,HOT mobile,HSDPA;il,11/9/2017 08:47,0,-93,32.10480635,35.20657075,668,6,GSM
ec:8c:a2:08:a2:4c,Ariel_University,[ESS],11/9/2017 08:48,36,-59,32.10464572,35.20662466,669,5,WIFI
ec:8c:a2:08:aa:dc,Ariel_University,[ESS],11/9/2017 08:48,36,-62,32.10464572,35.20662466,669,5,WIFI
ec:8c:a2:08:a2:48,Ariel_University,[ESS],11/9/2017 08:48,6,-72,32.10464572,35.20662466,669,5,WIFI
f0:b0:52:3e:c7:ac,Ariel_University,[ESS],11/9/2017 08:48,36,-70,32.10464572,35.20662466,669,5,WIFI
ec:8c:a2:88:95:87,,[WPA2-PSK-CCMP][ESS],11/9/2017 08:48,36,-61,32.10464572,35.20662466,669,5,WIFI
f0:b0:52:3e:c8:5c,Ariel_University,[ESS],11/9/2017 08:48,44,-70,32.10464572,35.20662466,669,5,WIFI
f0:b0:52:3e:c8:e8,Ariel_University,[ESS],11/9/2017 08:48,1,-77,32.10464572,35.20662466,669,5,WIFI
1c:b9:c4:16:cc:a8,Ariel_University,[ESS],11/9/2017 08:48,11,-79,32.10464572,35.20662466,669,5,WIFI
f0:b0:52:3e:d0:98,Ariel_University,[ESS],11/9/2017 08:48,1,-81,32.10464572,35.20662466,669,5,WIFI
1c:b9:c4:15:fd:68,Ariel_University,[ESS],11/9/2017 08:48,11,-84,32.10464572,35.20662466,669,5,WIFI
ec:8c:a2:08:95:8c,Ariel_University,[ESS],11/9/2017 08:48,36,-55,32.10442956,35.20687194,673,4,WIFI
f0:b0:52:3e:d0:98,Ariel_University,[ESS],11/9/2017 08:48,1,-76,32.10442956,35.20687194,673,4,WIFI
06:ae:db:53:3f:a5,BezeqFree,[WPA2-PSK-CCMP][ESS],11/9/2017 08:48,6,-85,32.10442956,35.20687194,673,4,WIFI
f0:b0:52:3e:d0:9c,Ariel_University,[ESS],11/9/2017 08:48,36,-64,32.10442956,35.20687194,673,4,WIFI
1c:b9:c4:15:44:3c,Ariel_University,[ESS],11/9/2017 08:48,36,-74,32.10442956,35.20687194,673,4,WIFI
1c:b9:c4:15:44:38,Ariel_University,[ESS],11/9/2017 08:48,11,-77,32.10442956,35.20687194,673,4,WIFI
8c:0c:90:2f:cb:d8,Ariel_University,[ESS],11/9/2017 08:48,6,-79,32.10442956,35.20687194,673,4,WIFI
f0:b0:52:3e:c7:a8,Ariel_University,[ESS],11/9/2017 08:48,11,-81,32.10442956,35.20687194,673,4,WIFI
24:c9:a1:35:aa:b8,Ariel_University,[ESS],11/9/2017 08:48,2,-84,32.10448259,35.20688657,671,4,WIFI
8c:0c:90:2e:0f:c8,Ariel_University,[ESS],11/9/2017 08:48,11,-87,32.10448259,35.20688657,671,4,WIFI
f0:b0:52:3e:c8:58,Ariel_University,[ESS],11/9/2017 08:48,6,-79,32.10451436,35.20688747,673,4,WIFI
f0:b0:52:be:c8:57,,[WPA2-PSK-CCMP][ESS],11/9/2017 08:48,44,-62,32.10455378,35.20689467,672,3,WIFI
14:ae:db:53:3f:a5,bz300683,[WPA2-PSK-CCMP][ESS],11/9/2017 08:48,6,-87,32.10455378,35.20689467,672,3,WIFI
f0:b0:52:3e:c8:5c,Ariel_University,[ESS],11/9/2017 08:48,44,-63,32.10455378,35.20689467,672,3,WIFI
f0:b0:52:3e:d8:9c,Ariel_University,[ESS],11/9/2017 08:48,44,-69,32.10455378,35.20689467,672,3,WIFI
f0:b0:52:3e:d8:98,Ariel_University,[ESS],11/9/2017 08:48,1,-83,32.10455378,35.20689467,672,3,WIFI
f0:b0:52:3e:c8:5c,Ariel_University,[ESS],11/9/2017 08:48,44,-56,32.10455378,35.20689467,672,3,WIFI
f0:b0:52:3e:d8:9c,Ariel_University,[ESS],11/9/2017 08:48,44,-63,32.10455378,35.20689467,672,3,WIFI
f0:b0:52:3e:d1:e8,Ariel_University,[ESS],11/9/2017 08:48,1,-81,32.10459422,35.20690773,671,3,WIFI
42507_10072_516798,HOT mobile,HSDPA;il,11/9/2017 08:48,0,-85,32.10459422,35.20690773,671,3,GSM
1c:b9:c4:14:2b:a8,Ariel_University,[ESS],11/9/2017 08:48,1,-83,32.10463844,35.20696602,671,3,WIFI
f0:b0:52:3e:d4:58,Ariel_University,[ESS],11/9/2017 08:48,1,-85,32.10463844,35.20696602,671,3,WIFI
f0:b0:52:3e:d1:ec,Ariel_University,[ESS],11/9/2017 08:48,40,-64,32.10466069,35.20701186,670,3,WIFI
f0:b0:52:be:d1:e7,,[WPA2-PSK-CCMP][ESS],11/9/2017 08:48,40,-67,32.10466069,35.20701186,670,3,WIFI
f0:b0:52:be:d6:f7,,[WPA2-PSK-CCMP][ESS],11/9/2017 08:48,44,-72,32.10466069,35.20701186,670,3,WIFI
ec:9b:f3:cd:56:b9,AndroidAP,[WPA2-PSK-CCMP][ESS][SEC80],11/9/2017 08:48,6,-85,32.10466069,35.20701186,670,3,WIFI
f0:b0:52:3e:d6:fc,Ariel_University,[ESS],11/9/2017 08:48,44,-72,32.10466069,35.20701186,670,3,WIFI
f0:b0:52:3e:c8:2c,Ariel_University,[ESS],11/9/2017 08:48,44,-74,32.10466069,35.20701186,670,3,WIFI
ec:8c:a2:26:d2:c8,Ariel_University,[ESS],11/9/2017 08:48,11,-76,32.10466069,35.20701186,670,3,WIFI
f0:b0:52:3e:c8:58,Ariel_University,[ESS],11/9/2017 08:48,6,-74,32.10469272,35.20705981,670,3,WIFI
f0:b0:52:3e:d8:98,Ariel_University,[ESS],11/9/2017 08:48,1,-70,32.10469272,35.20705981,670,3,WIFI
f0:b0:52:3e:d4:58,Ariel_University,[ESS],11/9/2017 08:48,1,-80,32.10469272,35.20705981,670,3,WIFI
f0:b0:52:3e:d4:58,Ariel_University,[ESS],11/9/2017 08:49,1,-73,32.10470226,35.2070813,670,4,WIFI
f0:b0:52:3e:d0:38,Ariel_University,[ESS],11/9/2017 08:49,11,-67,32.10470226,35.2070813,670,4,WIFI
f0:b0:52:3e:d6:f8,Ariel_University,[ESS],11/9/2017 08:49,6,-73,32.10470226,35.2070813,670,4,WIFI
ec:8c:a2:26:d3:68,Ariel_University,[ESS],11/9/2017 08:49,1,-77,32.10470226,35.2070813,670,4,WIFI
f0:b0:52:3e:d8:e8,Ariel_University,[ESS],11/9/2017 08:49,6,-80,32.10470226,35.2070813,670,4,WIFI
42507_10072_470807,HOT mobile,HSDPA;il,11/9/2017 08:49,0,-91,32.10470226,35.2070813,670,4,GSM
f0:b0:52:3e:d1:e8,Ariel_University,[ESS],11/9/2017 08:49,1,-76,32.10467478,35.20707884,671,4,WIFI
f0:b0:52:3e:da:18,Ariel_University,[ESS],11/9/2017 08:49,6,-79,32.10467478,35.20707884,671,4,WIFI
00:25:86:cc:07:b2,KCG_54,[ESS],11/9/2017 08:49,2,-79,32.10467478,35.20707884,671,4,WIFI
1c:b9:c4:15:3d:78,Ariel_University,[ESS],11/9/2017 08:49,11,-85,32.10467478,35.20707884,671,4,WIFI
1c:b9:c4:15:3d:78,Ariel_University,[ESS],11/9/2017 08:49,11,-79,32.10458325,35.20709664,675,4,WIFI
1c:b9:c4:14:38:2c,Ariel_University,[ESS],11/9/2017 08:49,36,-71,32.10458325,35.20709664,675,4,WIFI
00:27:22:f3:e0:83,,[ESS],11/9/2017 08:49,11,-79,32.10458325,35.20709664,675,4,WIFI
1c:b9:c4:15:0e:b8,Ariel_University,[ESS],11/9/2017 08:49,11,-81,32.10458325,35.20709664,675,4,WIFI
1c:b9:c4:14:38:28,Ariel_University,[ESS],11/9/2017 08:49,6,-84,32.10458325,35.20709664,675,4,WIFI
00:27:22:f3:e0:d0,,[ESS],11/9/2017 08:49,6,-86,32.10458325,35.20709664,675,4,WIFI
ec:8c:a2:08:aa:d8,Ariel_University,[ESS],11/9/2017 08:49,6,-70,32.10455308,35.20709211,677,4,WIFI
70:5a:0f:5c:b0:0b,DIRECT-80-HP DeskJet 3630 series,[WPA2-PSK-CCMP][ESS],11/9/2017 08:49,6,-84,32.10455308,35.20709211,677,4,WIFI
1c:b9:c4:15:fd:68,Ariel_University,[ESS],11/9/2017 08:49,11,-77,32.10455308,35.20709211,677,4,WIFI
ec:8c:a2:88:aa:d7,,[WPA2-PSK-CCMP][ESS],11/9/2017 08:49,36,-56,32.10450491,35.20705418,675,3,WIFI
1c:b9:c4:15:1f:5c,Ariel_University,[ESS],11/9/2017 08:49,44,-74,32.10450491,35.20705418,675,3,WIFI
1c:b9:c4:95:1f:57,,[WPA2-PSK-CCMP][ESS],11/9/2017 08:49,44,-72,32.10449297,35.20702287,677,3,WIFI
42507_10072_470809,HOT mobile,HSDPA;il,11/9/2017 08:49,0,-83,32.10449297,35.20702287,677,3,GSM
ec:8c:a2:08:aa:d8,Ariel_University,[ESS],11/9/2017 08:49,6,-63,32.10446081,35.20701271,678,3,WIFI
ec:8c:a2:08:aa:dc,Ariel_University,[ESS],11/9/2017 08:49,36,-55,32.10441162,35.20699406,677,3,WIFI
00:25:86:cc:00:f8,AUC_54_R,[ESS],11/9/2017 08:49,5,-83,32.10441162,35.20699406,677,3,WIFI
1c:b9:c4:14:38:28,Ariel_University,[ESS],11/9/2017 08:49,6,-79,32.10437664,35.20699916,678,4,WIFI
1c:b9:c4:14:2b:a8,Ariel_University,[ESS],11/9/2017 08:49,1,-78,32.10437664,35.20699916,678,4,WIFI
1c:b9:c4:15:36:78,Ariel_University,[ESS],11/9/2017 08:49,1,-83,32.10437664,35.20699916,678,4,WIFI
1c:b9:c4:15:1f:58,Ariel_University,[ESS],11/9/2017 08:49,11,-88,32.10437664,35.20699916,678,4,WIFI
1c:b9:c4:15:1f:5c,Ariel_University,[ESS],11/9/2017 08:49,44,-69,32.10435983,35.20699365,678,4,WIFI
1c:b9:c4:15:1f:58,Ariel_University,[ESS],11/9/2017 08:49,11,-82,32.10435983,35.20699365,678,4,WIFI
00:27:22:f3:e0:7b,,[ESS],11/9/2017 08:49,6,-79,32.10429657,35.20702003,679,4,WIFI
70:5a:0f:5c:b0:0b,DIRECT-80-HP DeskJet 3630 series,[WPA2-PSK-CCMP][ESS],11/9/2017 08:49,6,-79,32.10427087,35.207027,678,4,WIFI
00:27:22:f3:e1:f4,,[ESS],11/9/2017 08:49,6,-83,32.10427087,35.207027,678,4,WIFI
1c:b9:c4:16:28:88,Ariel_University,[ESS],11/9/2017 08:49,11,-84,32.10427087,35.207027,678,4,WIFI
00:25:86:cc:00:f8,AUC_54_R,[ESS],11/9/2017 08:49,5,-78,32.10425958,35.20703387,678,4,WIFI
1c:b9:c4:15:1f:58,Ariel_University,[ESS],11/9/2017 08:49,11,-75,32.10425958,35.20703387,678,4,WIFI
ec:8c:a2:08:a3:38,Ariel_University,[ESS],11/9/2017 08:49,6,-83,32.10425958,35.20703387,678,4,WIFI
1c:b9:c4:15:1f:5c,Ariel_University,[ESS],11/9/2017 08:49,44,-64,32.10416739,35.20704416,676,5,WIFI
1c:b9:c4:16:04:dc,Ariel_University,[ESS],11/9/2017 08:49,36,-67,32.10416739,35.20704416,676,5,WIFI
1c:b9:c4:15:1c:b8,Ariel_University,[ESS],11/9/2017 08:49,1,-88,32.10416739,35.20704416,676,5,WIFI
1c:b9:c4:95:1f:57,,[WPA2-PSK-CCMP][ESS],11/9/2017 08:49,44,-62,32.10411076,35.20705064,675,5,WIFI
1c:b9:c4:96:04:d7,,[WPA2-PSK-CCMP][ESS],11/9/2017 08:49,36,-69,32.10411076,35.20705064,675,5,WIFI
1c:b9:c4:15:36:8c,Ariel_University,[ESS],11/9/2017 08:49,44,-74,32.10411076,35.20705064,675,5,WIFI
ec:8c:a2:08:7b:88,Ariel_University,[ESS],11/9/2017 08:49,1,-85,32.10411076,35.20705064,675,5,WIFI
42507_10072_480148,HOT mobile,HSDPA;il,11/9/2017 08:49,0,-89,32.10411076,35.20705064,675,5,GSM
1c:b9:c4:15:36:78,Ariel_University,[ESS],11/9/2017 08:49,1,-78,32.10406492,35.20706723,676,5,WIFI
1c:b9:c4:16:06:3c,Ariel_University,[ESS],11/9/2017 08:49,36,-69,32.10406492,35.20706723,676,5,WIFI
1c:b9:c4:14:2b:1c,Ariel_University,[ESS],11/9/2017 08:49,36,-75,32.10406492,35.20706723,676,5,WIFI
06:27:22:f3:e1:da,auc,[ESS],11/9/2017 08:49,11,-75,32.10406492,35.20706723,676,5,WIFI
00:25:86:cc:00:f8,AUC_54_R,[ESS],11/9/2017 08:49,5,-73,32.10400459,35.20706599,675,5,WIFI
1c:b9:c4:15:1f:58,Ariel_University,[ESS],11/9/2017 08:49,11,-70,32.10400459,35.20706599,675,5,WIFI
1c:b9:c4:96:06:37,,[WPA2-PSK-CCMP][ESS],11/9/2017 08:49,36,-68,32.10400459,35.20706599,675,5,WIFI
00:27:22:f3:e1:da,,[ESS],11/9/2017 08:49,11,-81,32.10400459,35.20706599,675,5,WIFI
ec:8c:a2:08:7a:1c,Ariel_University,[ESS],11/9/2017 08:51,36,-65,32.10346362,35.20760485,677,5,WIFI
ec:8c:a2:09:86:dc,Ariel_University,[ESS],11/9/2017 08:51,40,-66,32.10346362,35.20760485,677,5,WIFI
ec:8c:a2:08:a3:bc,Ariel_University,[ESS],11/9/2017 08:51,48,-68,32.10346362,35.20760485,677,5,WIFI
ec:8c:a2:26:b0:58,Ariel_University,[ESS],11/9/2017 08:51,11,-65,32.10346362,35.20760485,677,5,WIFI
ec:8c:a2:09:84:fc,Ariel_University,[ESS],11/9/2017 08:51,36,-71,32.10346362,35.20760485,677,5,WIFI
ec:8c:a2:09:0c:cc,Ariel_University,[ESS],11/9/2017 08:51,44,-72,32.10346362,35.20760485,677,5,WIFI
ec:8c:a2:08:7a:18,Ariel_University,[ESS],11/9/2017 08:51,1,-75,32.10346362,35.20760485,677,5,WIFI
ec:8c:a2:26:ae:28,Ariel_University,[ESS],11/9/2017 08:51,6,-75,32.10346362,35.20760485,677,5,WIFI
ec:8c:a2:08:a3:b8,Ariel_University,[ESS],11/9/2017 08:51,11,-77,32.10346362,35.20760485,677,5,WIFI
ec:8c:a2:08:96:48,Ariel_University,[ESS],11/9/2017 08:51,6,-80,32.10346362,35.20760485,677,5,WIFI
ec:8c:a2:08:77:48,Ariel_University,[ESS],11/9/2017 08:51,6,-83,32.10346362,35.20760485,677,5,WIFI
ec:8c:a2:88:7a:17,,[WPA2-PSK-CCMP][ESS],11/9/2017 08:51,36,-60,32.10346818,35.20762908,679,4,WIFI
1c:b9:c4:16:d2:88,Ariel_University,[ESS],11/9/2017 08:51,11,-75,32.10346818,35.20762908,679,4,WIFI
ec:8c:a2:08:90:c8,Ariel_University,[ESS],11/9/2017 08:51,11,-80,32.10346818,35.20762908,679,4,WIFI
ec:8c:a2:0a:08:b8,Ariel_University,[ESS],11/9/2017 08:51,6,-83,32.10346818,35.20762908,679,4,WIFI
ec:8c:a2:09:86:d8,Ariel_University,[ESS],11/9/2017 08:51,6,-86,32.10346818,35.20762908,679,4,WIFI
ec:8c:a2:08:7a:18,Ariel_University,[ESS],11/9/2017 08:51,1,-68,32.10346072,35.20766377,680,4,WIFI
ec:8c:a2:89:8c:37,,[WPA2-PSK-CCMP][ESS],11/9/2017 08:51,44,-69,32.10346072,35.20766377,680,4,WIFI
ec:8c:a2:08:90:cc,Ariel_University,[ESS],11/9/2017 08:51,36,-68,32.10346072,35.20766377,680,4,WIFI
ec:8c:a2:09:8c:3c,Ariel_University,[ESS],11/9/2017 08:51,44,-68,32.10346072,35.20766377,680,4,WIFI
ec:8c:a2:09:8c:38,Ariel_University,[ESS],11/9/2017 08:51,1,-80,32.10346072,35.20766377,680,4,WIFI
ec:8c:a2:08:a9:28,Ariel_University,[ESS],11/9/2017 08:51,11,-84,32.10346072,35.20766377,680,4,WIFI
1c:b9:c4:16:d2:8c,Ariel_University,[ESS],11/9/2017 08:51,44,-68,32.10346172,35.20770141,683,3,WIFI
1c:b9:c4:12:90:b8,Ariel_University,[ESS],11/9/2017 08:51,11,-89,32.10346172,35.20770141,683,3,WIFI
ec:8c:a2:08:7a:18,Ariel_University,[ESS],11/9/2017 08:51,1,-62,32.10345926,35.20771343,684,3,WIFI
ec:8c:a2:88:7a:17,,[WPA2-PSK-CCMP][ESS],11/9/2017 08:51,36,-42,32.10345926,35.20771343,684,3,WIFI
ec:8c:a2:89:0c:c7,,[WPA2-PSK-CCMP][ESS],11/9/2017 08:51,44,-69,32.10345926,35.20771343,684,3,WIFI
ec:8c:a2:09:0c:c8,Ariel_University,[ESS],11/9/2017 08:51,1,-72,32.10345926,35.20771343,684,3,WIFI
ec:8c:a2:09:03:38,Ariel_University,[ESS],11/9/2017 08:51,1,-76,32.10345926,35.20771343,684,3,WIFI
ec:8c:a2:88:7a:17,,[WPA2-PSK-CCMP][ESS],11/9/2017 08:51,36,-36,32.10343242,35.20773605,684,4,WIFI
ec:8c:a2:08:90:cc,Ariel_University,[ESS],11/9/2017 08:51,36,-63,32.10343242,35.20773605,684,4,WIFI
ec:8c:a2:08:a9:28,Ariel_University,[ESS],11/9/2017 08:51,11,-77,32.10343242,35.20773605,684,4,WIFI
ec:8c:a2:88:90:c7,,[WPA2-PSK-CCMP][ESS],11/9/2017 08:51,36,-63,32.10343242,35.20773605,684,4,WIFI
1c:b9:c4:16:f4:7c,Ariel_University,[ESS],11/9/2017 08:51,36,-73,32.10343242,35.20773605,684,4,WIFI
ec:8c:a2:08:a9:38,Ariel_University,[ESS],11/9/2017 08:51,6,-86,32.10343242,35.20773605,684,4,WIFI
10:be:f5:39:8f:f2,LARISA,[WPA2-PSK-CCMP][ESS],11/9/2017 08:51,9,-82,32.10344284,35.20773875,684,3,WIFI
ec:8c:a2:08:a9:2c,Ariel_University,[ESS],11/9/2017 08:51,44,-68,32.10344284,35.20773875,684,3,WIFI
ec:8c:a2:08:90:c8,Ariel_University,[ESS],11/9/2017 08:51,11,-73,32.10343974,35.20777566,683,4,WIFI
ec:8c:a2:09:8c:38,Ariel_University,[ESS],11/9/2017 08:51,1,-72,32.10343974,35.20777566,683,4,WIFI
ec:8c:a2:08:a9:28,Ariel_University,[ESS],11/9/2017 08:51,11,-72,32.10343974,35.20777566,683,4,WIFI
ec:8c:a2:08:7b:88,Ariel_University,[ESS],11/9/2017 08:51,1,-77,32.10343974,35.20777566,683,4,WIFI
00:21:04:4c:2a:a2,Yan,[WPA-PSK-CCMP+TKIP][WPA2-PSK-CCMP+TKIP][ESS],11/9/2017 08:51,6,-83,32.10343974,35.20777566,683,4,WIFI
ec:8c:a2:08:78:38,Ariel_University,[ESS],11/9/2017 08:51,1,-77,32.10343974,35.20777566,683,4,WIFI
ec:8c:a2:08:7a:1c,Ariel_University,[ESS],11/9/2017 08:51,36,-49,32.10344012,35.2078269,684,3,WIFI
ec:8c:a2:08:a9:28,Ariel_University,[ESS],11/9/2017 08:51,11,-67,32.10344012,35.2078269,684,3,WIFI
ec:8c:a2:08:a9:2c,Ariel_University,[ESS],11/9/2017 08:51,44,-63,32.10344012,35.2078269,684,3,WIFI
ec:8c:a2:08:7b:88,Ariel_University,[ESS],11/9/2017 08:51,1,-71,32.10344012,35.2078269,684,3,WIFI
ec:8c:a2:08:a9:3c,Ariel_University,[ESS],11/9/2017 08:51,36,-74,32.10344012,35.2078269,684,3,WIFI
42507_10072_470809,HOT mobile,HSDPA;il,11/9/2017 08:51,0,-83,32.10344012,35.2078269,684,3,GSM
1c:b9:c4:16:d2:8c,Ariel_University,[ESS],11/9/2017 08:51,44,-61,32.10343055,35.20787176,684,3,WIFI
1c:b9:c4:96:d2:87,,[WPA2-PSK-CCMP][ESS],11/9/2017 08:51,44,-60,32.10343055,35.20787176,684,3,WIFI
ec:8c:a2:89:03:37,,[WPA2-PSK-CCMP][ESS],11/9/2017 08:51,44,-66,32.10343345,35.20789779,685,3,WIFI
ec:8c:a2:88:a9:37,,[WPA2-PSK-CCMP][ESS],11/9/2017 08:51,36,-71,32.10343345,35.20789779,685,3,WIFI
ec:8c:a2:09:03:3c,Ariel_University,[ESS],11/9/2017 08:51,44,-65,32.10343345,35.20789779,685,3,WIFI
b0:48:7a:a1:80:8c,Knoch,[WPA-PSK-CCMP+TKIP][WPA2-PSK-CCMP+TKIP][WPS][ESS],11/9/2017 08:51,4,-88,32.10342003,35.20799813,687,4,WIFI
ec:8c:a2:08:78:3c,Ariel_University,[ESS],11/9/2017 08:51,40,-71,32.10342003,35.20799813,687,4,WIFI
ec:8c:a2:09:0c:cc,Ariel_University,[ESS],11/9/2017 08:51,44,-67,32.10341795,35.20805313,687,3,WIFI
ec:8c:a2:08:78:38,Ariel_University,[ESS],11/9/2017 08:51,1,-72,32.10341159,35.20809391,688,3,WIFI
a0:4f:d4:3b:e9:01,Lidor a,[WPA2-PSK-CCMP][ESS],11/9/2017 08:51,6,-84,32.10340278,35.20814681,688,3,WIFI
d0:0f:6d:c0:fe:7f,natali,[WPA2-PSK-CCMP][ESS],11/9/2017 08:51,9,-90,32.10340274,35.20818087,689,3,WIFI
78:11:dc:1a:cf:d0,TamiRacheli,[WPA-PSK-CCMP+TKIP][WPA2-PSK-CCMP+TKIP][WPS][ESS],11/9/2017 08:51,8,-85,32.10340702,35.20820861,689,4,WIFI
e4:6f:13:73:70:16,ShurikWiFi,[WPA2-PSK-CCMP][ESS],11/9/2017 08:51,7,-86,32.10340702,35.20820861,689,4,WIFI
14:ae:db:cf:86:f5,Biren2809,[WPA-PSK-CCMP+TKIP][WPA2-PSK-CCMP+TKIP][WPS][ESS],11/9/2017 08:51,11,-87,32.10340702,35.20820861,689,4,WIFI
1c:b9:c4:12:90:bc,Ariel_University,[ESS],11/9/2017 08:51,40,-63,32.10340702,35.20820861,689,4,WIFI
ec:8c:a2:08:94:18,Ariel_University,[ESS],11/9/2017 08:51,1,-81,32.10340702,35.20820861,689,4,WIFI
1c:b9:c4:12:90:b8,Ariel_University,[ESS],11/9/2017 08:51,11,-82,32.10340702,35.20820861,689,4,WIFI
1c:b9:c4:92:90:b7,,[WPA2-PSK-CCMP][ESS],11/9/2017 08:51,40,-65,32.10340248,35.20822028,689,3,WIFI
1c:b9:c4:14:33:cc,Ariel_University,[ESS],11/9/2017 08:51,36,-72,32.10340248,35.20822028,689,3,WIFI
ec:8c:a2:08:94:1c,Ariel_University,[ESS],11/9/2017 08:51,40,-72,32.10340248,35.20822028,689,3,WIFI
ec:8c:a2:08:94:1c,Ariel_University,[ESS],11/9/2017 08:51,40,-65,32.10339974,35.20825555,689,3,WIFI
42507_10072_516799,HOT mobile,HSDPA;il,11/9/2017 08:52,0,-83,32.10339873,35.20829827,687,3,GSM
1c:b9:c4:16:f4:7c,Ariel_University,[ESS],11/9/2017 08:52,36,-67,32.10339523,35.20833583,690,3,WIFI
ec:8c:a2:88:94:17,,[WPA2-PSK-CCMP][ESS],11/9/2017 08:52,40,-67,32.10339523,35.20833583,690,3,WIFI
1c:b9:c4:16:f4:78,Ariel_University,[ESS],11/9/2017 08:52,1,-83,32.10339523,35.20833583,690,3,WIFI
ec:8c:a2:08:94:18,Ariel_University,[ESS],11/9/2017 08:52,1,-75,32.10339824,35.20838584,690,3,WIFI
1c:b9:c4:12:7c:c8,Ariel_University,[ESS],11/9/2017 08:52,11,-87,32.10339824,35.20838584,690,3,WIFI
ec:8c:a2:88:78:37,,[WPA2-PSK-CCMP][ESS],11/9/2017 08:52,40,-71,32.10338704,35.20851392,692,3,WIFI
14:ae:db:58:0d:6d,__ery,[WPA2-PSK-CCMP][ESS],11/9/2017 08:52,6,-85,32.10338012,35.20855193,693,4,WIFI
14:ae:db:cb:05:f5,Mama,[WPA-PSK-CCMP+TKIP][WPA2-PSK-CCMP+TKIP][WPS][ESS],11/9/2017 08:52,11,-89,32.10338012,35.20855193,693,4,WIFI
c4:12:f5:85:12:7d,Si_2.4G,[WPA2-PSK-CCMP][ESS],11/9/2017 08:52,5,-81,32.10337677,35.20857295,696,3,WIFI
42507_10072_480144,HOT mobile,HSDPA;il,11/9/2017 08:52,0,-83,32.10337677,35.20857295,696,3,GSM
ec:8c:a2:08:94:1c,Ariel_University,[ESS],11/9/2017 08:52,40,-58,32.10336798,35.20861642,697,4,WIFI
1c:b9:c4:16:d2:88,Ariel_University,[ESS],11/9/2017 08:52,11,-76,32.10337172,35.20865038,698,4,WIFI
ec:8c:a2:88:94:17,,[WPA2-PSK-CCMP][ESS],11/9/2017 08:52,40,-56,32.10337459,35.20866941,697,4,WIFI
1c:b9:c4:92:7c:c7,,[WPA2-PSK-CCMP][ESS],11/9/2017 08:52,36,-64,32.10337459,35.20866941,697,4,WIFI
1c:b9:c4:12:7c:cc,Ariel_University,[ESS],11/9/2017 08:52,36,-66,32.10337459,35.20866941,697,4,WIFI
1c:b9:c4:16:28:ec,Ariel_University,[ESS],11/9/2017 08:52,36,-71,32.10337459,35.20866941,697,4,WIFI
1c:b9:c4:16:13:0c,Ariel_University,[ESS],11/9/2017 08:52,44,-75,32.10337459,35.20866941,697,4,WIFI
1c:b9:c4:12:7c:cc,Ariel_University,[ESS],11/9/2017 08:52,36,-61,32.10335422,35.20869329,698,4,WIFI
1c:b9:c4:12:7c:c8,Ariel_University,[ESS],11/9/2017 08:52,11,-71,32.10335422,35.20869329,698,4,WIFI
1c:b9:c4:16:13:08,Ariel_University,[ESS],11/9/2017 08:52,11,-86,32.10335422,35.20869329,698,4,WIFI
42507_10072_480144,HOT mobile,HSDPA;il,11/9/2017 08:52,0,-77,32.10333866,35.2087235,696,3,GSM
ec:8c:a2:08:94:18,Ariel_University,[ESS],11/9/2017 08:52,1,-70,32.1033395,35.20872464,695,3,WIFI
1c:b9:c4:92:7c:c7,,[WPA2-PSK-CCMP][ESS],11/9/2017 08:52,36,-59,32.1033395,35.20872464,695,3,WIFI
1c:b9:c4:16:28:f8,Ariel_University,[ESS],11/9/2017 08:52,6,-80,32.10332994,35.20873169,695,4,WIFI
1c:b9:c4:14:2f:68,Ariel_University,[ESS],11/9/2017 08:52,6,-85,32.10332994,35.20873169,695,4,WIFI
1c:b9:c4:16:d2:88,Ariel_University,[ESS],11/9/2017 08:52,11,-69,32.10332232,35.2087393,695,3,WIFI
1c:b9:c4:96:f4:77,,[WPA2-PSK-CCMP][ESS],11/9/2017 08:52,36,-66,32.10331874,35.20874124,695,3,WIFI
ec:8c:a2:08:78:c8,Ariel_University,[ESS],11/9/2017 08:52,6,-86,32.10331874,35.20874124,695,3,WIFI
1c:b9:c4:12:90:b8,Ariel_University,[ESS],11/9/2017 08:52,11,-74,32.10330617,35.20874377,696,3,WIFI
1c:b9:c4:16:f4:78,Ariel_University,[ESS],11/9/2017 08:52,1,-77,32.10330617,35.20874377,696,3,WIFI
f8:d1:11:77:77:c6,HelpDesk,[WPA-PSK-CCMP+TKIP][WPA2-PSK-CCMP+TKIP][ESS],11/9/2017 08:52,4,-88,32.10330617,35.20874377,696,3,WIFI
1c:b9:c4:16:f4:28,Ariel_University,[ESS],11/9/2017 08:52,11,-81,32.10330617,35.20874377,696,3,WIFI
ec:8c:a2:08:94:18,Ariel_University,[ESS],11/9/2017 08:52,1,-62,32.10329006,35.20877229,698,3,WIFI
ec:8c:a2:08:78:cc,Ariel_University,[ESS],11/9/2017 08:52,40,-72,32.10329006,35.20877229,698,3,WIFI
8c:0c:90:2d:75:e8,Ariel_University,[ESS],11/9/2017 08:52,1,-79,32.10329006,35.20877229,698,3,WIFI
1c:b9:c4:12:7c:c8,Ariel_University,[ESS],11/9/2017 08:52,11,-65,32.10331427,35.20883048,697,4,WIFI
1c:b9:c4:12:7c:cc,Ariel_University,[ESS],11/9/2017 08:52,36,-56,32.10331726,35.20887514,697,4,WIFI
1c:b9:c4:12:7c:c8,Ariel_University,[ESS],11/9/2017 08:52,11,-60,32.10331726,35.20887514,697,4,WIFI
1c:b9:c4:16:28:e8,Ariel_University,[ESS],11/9/2017 08:53,1,-88,32.10331823,35.20890055,697,4,WIFI
1c:b9:c4:12:7c:c8,Ariel_University,[ESS],11/9/2017 08:53,11,-55,32.10331892,35.20888669,696,4,WIFI
1c:b9:c4:12:7c:cc,Ariel_University,[ESS],11/9/2017 08:53,36,-48,32.10333066,35.20889879,696,7,WIFI
42507_10072_480148,HOT mobile,HSDPA;il,11/9/2017 08:53,0,-75,32.1033697,35.20887323,695,10,GSM
ec:8c:a2:08:78:c8,Ariel_University,[ESS],11/9/2017 08:53,6,-80,32.10340613,35.20883531,697,8,WIFI
ec:8c:a2:08:78:cc,Ariel_University,[ESS],11/9/2017 08:53,40,-65,32.1033976,35.20888297,700,9,WIFI
ec:8c:a2:08:94:1c,Ariel_University,[ESS],11/9/2017 08:53,40,-49,32.10339477,35.2088953,701,11,WIFI
ec:8c:a2:08:78:cc,Ariel_University,[ESS],11/9/2017 08:53,40,-53,32.10339477,35.2088953,701,11,WIFI
ec:8c:a2:08:78:c8,Ariel_University,[ESS],11/9/2017 08:53,6,-68,32.10339477,35.2088953,701,11,WIFI
ec:8c:a2:08:94:1c,Ariel_University,[ESS],11/9/2017 08:53,40,-43,32.103397,35.20889847,701,13,WIFI
ec:8c:a2:08:78:cc,Ariel_University,[ESS],11/9/2017 08:53,40,-45,32.103397,35.20889847,701,13,WIFI
ec:8c:a2:08:78:c8,Ariel_University,[ESS],11/9/2017 08:53,6,-63,32.103397,35.20889847,701,13,WIFI
ec:8c:a2:08:94:18,Ariel_University,[ESS],11/9/2017 08:53,1,-52,32.1033927,35.20889908,701,18,WIFI
ec:8c:a2:88:94:17,,[WPA2-PSK-CCMP][ESS],11/9/2017 08:53,40,-45,32.1033927,35.20889908,701,18,WIFI
ec:8c:a2:08:94:1c,Ariel_University,[ESS],11/9/2017 08:53,40,-35,32.10334497,35.20889804,700,22,WIFI
ec:8c:a2:88:78:c7,,[WPA2-PSK-CCMP][ESS],11/9/2017 08:53,40,-63,32.10335502,35.20892819,699,32,WIFI
34:8f:27:20:8c:18,Ariel_University,[ESS],11/9/2017 08:53,1,-87,32.10336809,35.20883344,697,30,WIFI
34:8f:27:20:8c:18,Ariel_University,[ESS],11/9/2017 08:53,1,-80,32.1033914,35.20883227,698,29,WIFI
24:79:2a:2c:3d:68,Ariel_University,[ESS],11/9/2017 08:53,11,-88,32.10338859,35.20877196,702,17,WIFI
24:79:2a:2c:3d:68,Ariel_University,[ESS],11/9/2017 08:53,11,-83,32.10341086,35.20877605,704,14,WIFI
24:79:2a:2c:3d:6c,Ariel_University,[ESS],11/9/2017 08:53,44,-72,32.10341086,35.20877605,704,14,WIFI
34:8f:27:20:8c:18,Ariel_University,[ESS],11/9/2017 08:53,1,-74,32.10340064,35.20887447,705,13,WIFI
24:79:2a:2c:3d:68,Ariel_University,[ESS],11/9/2017 08:53,11,-76,32.10340064,35.20887447,705,13,WIFI
34:8f:27:20:8c:1c,Ariel_University,[ESS],11/9/2017 08:53,36,-73,32.10340064,35.20887447,705,13,WIFI
34:8f:27:20:8c:18,Ariel_University,[ESS],11/9/2017 08:53,1,-67,32.10341171,35.20887684,705,14,WIFI
34:8f:27:20:8c:1c,Ariel_University,[ESS],11/9/2017 08:53,36,-67,32.10341171,35.20887684,705,14,WIFI
34:8f:27:a0:8c:17,,[WPA2-PSK-CCMP][ESS],11/9/2017 08:53,36,-67,32.10341171,35.20887684,705,14,WIFI
24:79:2a:2c:3d:68,Ariel_University,[ESS],11/9/2017 08:53,11,-68,32.10343202,35.20887879,706,18,WIFI
24:79:2a:2c:3d:6c,Ariel_University,[ESS],11/9/2017 08:53,44,-58,32.1034531,35.20887864,706,24,WIFI
34:8f:27:20:8c:1c,Ariel_University,[ESS],11/9/2017 08:53,36,-61,32.1034531,35.20887864,706,24,WIFI
34:8f:27:20:8c:18,Ariel_University,[ESS],11/9/2017 08:53,1,-56,32.10348632,35.20888654,706,38,WIFI
24:79:2a:2c:3d:68,Ariel_University,[ESS],11/9/2017 08:53,11,-57,32.10348632,35.20888654,706,38,WIFI
24:79:2a:2c:3d:6c,Ariel_University,[ESS],11/9/2017 08:53,44,-48,32.10348632,35.20888654,706,38,WIFI
34:8f:27:20:8c:1c,Ariel_University,[ESS],11/9/2017 08:53,36,-50,32.10348632,35.20888654,706,38,WIFI
1c:b9:c4:16:28:e8,Ariel_University,[ESS],11/9/2017 08:53,1,-79,32.10348632,35.20888654,706,38,WIFI
34:8f:27:a0:8c:17,,[WPA2-PSK-CCMP][ESS],11/9/2017 08:53,36,-62,32.10351307,35.20889222,706,53,WIFI
24:79:2a:2c:3d:68,Ariel_University,[ESS],11/9/2017 08:53,11,-49,32.10354668,35.20887195,706,68,WIFI
1c:b9:c4:16:28:e8,Ariel_University,[ESS],11/9/2017 08:53,1,-74,32.10354668,35.20887195,706,68,WIFI
24:79:2a:2c:3d:6c,Ariel_University,[ESS],11/9/2017 08:53,44,-43,32.10358095,35.20908805,703,51,WIFI
1c:b9:c4:16:28:e8,Ariel_University,[ESS],11/9/2017 08:53,1,-69,32.10358095,35.20908805,703,51,WIFI
1c:b9:c4:16:f1:58,Ariel_University,[ESS],11/9/2017 08:53,11,-88,32.10358095,35.20908805,703,51,WIFI
24:79:2a:ac:3d:67,,[WPA2-PSK-CCMP][ESS],11/9/2017 08:53,44,-49,32.1034317,35.20909937,706,37,WIFI
1c:b9:c4:96:28:e7,,[WPA2-PSK-CCMP][ESS],11/9/2017 08:53,36,-69,32.1034632,35.2091174,707,39,WIFI
1c:b9:c4:16:f1:58,Ariel_University,[ESS],11/9/2017 08:53,11,-83,32.10359346,35.20909804,708,24,WIFI
1c:b9:c4:16:f1:5c,Ariel_University,[ESS],11/9/2017 08:53,44,-73,32.10359633,35.2091052,708,24,WIFI
34:8f:27:a0:8c:17,,[WPA2-PSK-CCMP][ESS],11/9/2017 08:54,36,-50,32.1034655,35.20896047,706,37,WIFI
